variant_name,position,rsID
CACNA1S c.3257G>A,chr1:201060815:C>T,rs1800559
CACNA1S c.520C>T,chr1:201091993:G>A,rs772226819
CFTR 2789+5G->A,chr7:117602868:G>A,rs80224560
CFTR 3272-26A->G,chr7:117611555:A>G,rs76151804
CFTR 3849+10kbC->T,chr7:117639961:C>T,rs75039782
CFTR 711+3A->G,chr7:117534368:A>G,rs397508761
CFTR A1067T,chr7:117611640:G>A,rs121909020
CFTR A455E,chr7:117548795:C>A,rs74551128
CFTR D110E,chr7:117530955:C>A,rs397508537
CFTR D110H,chr7:117530953:G>C,rs113993958
CFTR D1152H,chr7:117614699:G>C,rs75541969
CFTR D1270N,chr7:117642528:G>A,rs11971167
CFTR D579G,chr7:117590409:A>G,rs397508288
CFTR E193K,chr7:117534363:G>A,rs397508759
CFTR E56K,chr7:117509035:G>A,rs397508256
CFTR E831X,chr7:117594930:G>T,rs397508387
CFTR F1052V,chr7:117611595:T>G,rs150212784
CFTR F1074L,chr7:117611663:T>A,rs186045772
CFTR G1069R,chr7:117611646:G>A,rs200321110
CFTR G1244E,chr7:117642451:G>A,rs267606723
CFTR G1349D,chr7:117664770:G>A,rs193922525
CFTR G178R,chr7:117534318:G>A,rs80282562
CFTR G551D,chr7:117587806:G>A,rs75527207
CFTR G551S,chr7:117587805:G>A,rs121909013
CFTR K1060T,chr7:117611620:A>C,rs397508513
CFTR L206W,chr7:117535285:T>G,rs121908752
CFTR P67L,chr7:117509069:C>T,rs368505753
CFTR R1070Q,chr7:117611650:G>A,rs78769542
CFTR R1070W,chr7:117611649:C>T,rs202179988
CFTR R117C,chr7:117530974:C>T,rs77834169
CFTR R117H,chr7:117530975:G>A,rs78655421
CFTR R347H,chr7:117540270:G>A,rs77932196
CFTR R352Q,chr7:117540285:G>A,rs121908753
CFTR R74W,chr7:117509089:C>T,rs115545701
CFTR S1251N,chr7:117642472:G>A,rs74503330
CFTR S1255P,chr7:117642483:T>C,rs121909041
CFTR S549N,chr7:117587800:G>A,rs121908755
CFTR S549R(A>C),chr7:117587799:A>C,rs121908757
CFTR S549R(T>G),chr7:117587801:T>G,rs121909005
CFTR S945L,chr7:117603708:C>T,rs397508442
CFTR S977F,chr7:117606695:C>T,rs141033578
CYP2B6*10,"chr19:40991367:A>T,chr19:40991369:C>T","rs34883432,rs8192709"
CYP2B6*11,chr19:40991441:A>G,rs35303484
CYP2B6*12,chr19:41004125:G>A,rs36060847
CYP2B6*13,"chr19:41004377:A>G,chr19:41006936:G>T,chr19:41009358:A>G","rs12721655,rs3745274,rs2279343"
CYP2B6*14,chr19:41004381:G>A,rs35773040
CYP2B6*15,chr19:41012693:T>A,rs35979566
CYP2B6*17,"chr19:40991381:A>T,chr19:40991388:A>G,chr19:40991390:C>A,chr19:40991391:G>C","rs33973337,rs33980385,rs33926104,rs34284776"
CYP2B6*18,"chr19:41009358:A>G,chr19:41012316:T>C","rs2279343,rs28399499"
CYP2B6*19,"chr19:41006936:G>T,chr19:41009358:A>G,chr19:41012339:C>T","rs3745274,rs2279343,rs34826503"
CYP2B6*2,chr19:40991369:C>T,rs8192709
CYP2B6*20,"chr19:41006923:C>T,chr19:41006936:G>T,chr19:41009358:A>G","rs36056539,rs3745274,rs2279343"
CYP2B6*21,chr19:41012803:C>A,rs35010098
CYP2B6*23,chr19:41016726:A>G,rs3211369
CYP2B6*24,chr19:41016778:G>A,rs564083989
CYP2B6*26,"chr19:41006919:C>G,chr19:41006936:G>T,chr19:41009358:A>G","rs3826711,rs3745274,rs2279343"
CYP2B6*27,chr19:41007013:T>C,rs36079186
CYP2B6*28,"chr19:41010088:C>G,chr19:41012465:C>T","rs34698757,rs34097093"
CYP2B6*3,chr19:41009350:C>A,rs45482602
CYP2B6*31,chr19:41010108:C>A,rs193922917
CYP2B6*32,chr19:41012740:G>A,rs193922918
CYP2B6*33,chr19:41016810:C>T,rs3211371
CYP2B6*37,"chr19:41006936:G>T,chr19:41009358:A>G,chr19:41006968:T>G","rs3745274,rs2279343,rs373489637"
CYP2B6*38,"chr19:41004015:T>A,chr19:41006936:G>T,chr19:41009358:A>G","rs281864907,rs3745274,rs2279343"
CYP2B6*4,chr19:41009358:A>G,rs2279343
CYP2B6*5,chr19:41016810:C>T,rs3211371
CYP2B6*6,"chr19:41006936:G>T,chr19:41009358:A>G","rs3745274,rs2279343"
CYP2B6*7,"chr19:41006936:G>T,chr19:41009358:A>G,chr19:41016810:C>T","rs3745274,rs2279343,rs3211371"
CYP2B6*8,chr19:41004377:A>G,rs12721655
CYP2B6*9,chr19:41006936:G>T,rs3745274
CYP2C19*1,chr10:94842866:A>G,rs3758581
CYP2C19*10,"chr10:94781858:C>T,chr10:94842866:A>G","rs6413438,rs3758581"
CYP2C19*11,"chr10:94775507:G>A,chr10:94842866:A>G","rs58973490,rs3758581"
CYP2C19*12,"chr10:94842866:A>G,chr10:94852914:A>C","rs3758581,rs55640102"
CYP2C19*13,"chr10:94842866:A>G,chr10:94849995:C>T","rs3758581,rs17879685"
CYP2C19*14,"chr10:94762755:T>C,chr10:94842866:A>G","rs55752064,rs3758581"
CYP2C19*15,"chr10:94762760:A>C,chr10:94842866:A>G","rs17882687,rs3758581"
CYP2C19*16,chr10:94852765:C>T,rs192154563
CYP2C19*18,"chr10:94842861:G>A,chr10:94842866:A>G","rs138142612,rs3758581"
CYP2C19*19,"chr10:94762856:A>G,chr10:94842866:A>G","rs1564657013,rs3758581"
CYP2C19*2,"chr10:94775367:A>G,chr10:94775507:G>A,chr10:94781859:G>A,chr10:94842866:A>G","rs12769205,rs58973490,rs4244285,rs3758581"
CYP2C19*22,"chr10:94780574:G>C,chr10:94842866:A>G","rs140278421,rs3758581"
CYP2C19*23,"chr10:94775160:G>C,chr10:94842866:A>G","rs118203756,rs3758581"
CYP2C19*24,"chr10:94842866:A>G,chr10:94842879:G>A","rs3758581,rs118203757"
CYP2C19*25,"chr10:94842866:A>G,chr10:94852785:C>G","rs3758581,rs118203759"
CYP2C19*26,"chr10:94781944:G>A,chr10:94842866:A>G","rs375781227,rs3758581"
CYP2C19*28,"chr10:94762760:A>C,chr10:94842866:A>G,chr10:94842995:G>A","rs17882687,rs3758581,rs113934938"
CYP2C19*29,"chr10:94762788:A>T,chr10:94842866:A>G","rs1564656981,rs3758581"
CYP2C19*3,"chr10:94780653:G>A,chr10:94842866:A>G","rs4986893,rs3758581"
CYP2C19*30,chr10:94775106:C>T,rs145328984
CYP2C19*31,"chr10:94775121:C>T,chr10:94842866:A>G","rs1564660997,rs3758581"
CYP2C19*32,"chr10:94775185:A>G,chr10:94842866:A>G","rs1288601658,rs3758581"
CYP2C19*33,"chr10:94780579:G>A,chr10:94842866:A>G","rs370803989,rs3758581"
CYP2C19*34,"chr10:94762712:C>T,chr10:94762715:T>C","rs367543002,rs367543003"
CYP2C19*35,"chr10:94762760:A>C,chr10:94775367:A>G,chr10:94842866:A>G","rs17882687,rs12769205,rs3758581"
CYP2C19*39,"chr10:94762760:A>C,chr10:94775423:A>C,chr10:94842866:A>G","rs17882687,rs17885179,rs3758581"
CYP2C19*5,"chr10:94842866:A>G,chr10:94852738:C>T","rs3758581,rs56337013"
CYP2C19*6,"chr10:94775453:G>A,chr10:94842866:A>G","rs72552267,rs3758581"
CYP2C19*7,chr10:94781999:T>A,rs72558186
CYP2C19*8,"chr10:94775416:T>C,chr10:94842866:A>G","rs41291556,rs3758581"
CYP2C19*9,"chr10:94775489:G>A,chr10:94842866:A>G","rs17884712,rs3758581"
CYP2C9*10,chr10:94949280:A>G,rs9332130
CYP2C9*11,chr10:94981224:C>T,rs28371685
CYP2C9*12,chr10:94989020:C>T,rs9332239
CYP2C9*13,chr10:94941958:T>C,rs72558187
CYP2C9*14,chr10:94942234:G>A,rs72558189
CYP2C9*15,chr10:94947782:C>A,rs72558190
CYP2C9*16,chr10:94972179:A>G,rs72558192
CYP2C9*18,"chr10:94981296:A>C,chr10:94986073:A>C","rs1057910,rs72558193"
CYP2C9*19,chr10:94988917:G>C,rs769942899
CYP2C9*2,chr10:94942290:C>T,rs1799853
CYP2C9*2 ,chr10:94942290:C>T,rs1799853
CYP2C9*20,chr10:94941897:G>C,rs371055887
CYP2C9*21,chr10:94938771:C>T,rs142240658
CYP2C9*22,chr10:94938803:A>G,rs2031308986
CYP2C9*24,chr10:94981281:G>A,rs749060448
CYP2C9*25,chr10:94942213_94942222del,rs1304490498
CYP2C9*26,chr10:94942249:C>G,rs200965026
CYP2C9*27,chr10:94942309:G>A,rs7900194
CYP2C9*28,chr10:94947938:A>T,rs2031531005
CYP2C9*29,chr10:94972119:C>A,rs182132442
CYP2C9*3,chr10:94981296:A>C,rs1057910
CYP2C9*30,chr10:94988984:G>A,rs781583846
CYP2C9*31,chr10:94981201:T>C,rs57505750
CYP2C9*32,chr10:94989023:G>T,rs868182778
CYP2C9*33,chr10:94942255:G>A,rs200183364
CYP2C9*34,chr10:94981225:G>A,rs367826293
CYP2C9*35,chr10:94942234:G>A,"rs72558189,rs1799853"
CYP2C9*36,chr10:94938683:A>G,rs114071557
CYP2C9*37,chr10:94938828:A>G,rs564813580
CYP2C9*39,chr10:94941982:G>T,rs762239445
CYP2C9*4,chr10:94981297:T>C,rs56165452
CYP2C9*41,chr10:94942216:A>G,rs774607211
CYP2C9*42,chr10:94942231:G>A,rs12414460
CYP2C9*43,chr10:94942230:C>T,rs767576260
CYP2C9*44,chr10:94942249:C>G,rs200965026
CYP2C9*45,chr10:94942254:C>T,rs199523631
CYP2C9*46,chr10:94942305:G>A,rs754487195
CYP2C9*47,chr10:94947785:C>T,rs774550549
CYP2C9*48,chr10:94947917:T>C,rs1326630788
CYP2C9*5,chr10:94981301:C>G,rs28371686
CYP2C9*52,chr10:94972180:C>G,rs988617574
CYP2C9*53,chr10:94972233:C>T,rs1237225311
CYP2C9*54,chr10:94981250:C>A,rs750820937
CYP2C9*55,chr10:94981302:C>A,rs1250577724
CYP2C9*56,chr10:94986042:A>G,rs764211126
CYP2C9*58,chr10:94981230:C>A,rs1274535931
CYP2C9*6,chr10:94949283del,rs9332131
CYP2C9*60,chr10:94988955:T>C,rs767284820
CYP2C9*61,"chr10:94942290:C>T,chr10:94988925:A>G","rs1799853,rs202201137"
CYP2C9*62,chr10:94942233:C>T,rs375805362
CYP2C9*63,chr10:94942291:G>A,rs141489852
CYP2C9*66,chr10:94981305:C>G,rs578144976
CYP2C9*67,chr10:94988852:C>T,rs776908257
CYP2C9*68,"chr10:94981296:A>C,chr10:94981371:G>A","rs1057910,rs542577750"
CYP2C9*7,chr10:94938737:C>A,rs67807361
CYP2C9*71,"chr10:94949280:A>G,chr10:94989020:C>T","rs9332130,rs9332239"
CYP2C9*8,chr10:94942309:G>A,rs7900194
CYP2C9*9,chr10:94949217:A>G,rs2256871
CYP2D6*10,"chr22:42130692:G>A,chr22:42129130:C>G,chr22:42126611:C>G","rs1065852,rs1058164,rs1135840"
CYP2D6*100,"chr22:42130692:G>A,chr22:42129130:C>G,chr22:42127963del,chr22:42126611:C>G","rs1065852,rs1058164,rs267608279,rs1135840"
CYP2D6*101,"chr22:42130692:G>A,chr22:42129130:C>G,chr22:42127846_42127864del,chr22:42126611:C>G","rs1065852,rs1058164,rs730882170,rs1135840"
CYP2D6*102,"chr22:42129821:G>A,chr22:42129130:C>G,chr22:42127941:G>A,chr22:42126611:C>G","rs267608309,rs1058164,rs16947,rs1135840"
CYP2D6*103,"chr22:42129821:G>A,chr22:42129130:C>G,chr22:42129042:T>C,chr22:42127941:G>A,chr22:42126611:C>G","rs267608309,rs1058164,rs1135824,rs16947,rs1135840"
CYP2D6*104,"chr22:42129130:C>G,chr22:42129071:T>G","rs1058164,rs267608302,rs16947,rs1135840"
CYP2D6*105,"chr22:42129130:C>G,chr22:42127941:G>A,chr22:42127523:A>G,chr22:42126611:C>G","rs1058164,rs16947,rs1555888910,rs1135840"
CYP2D6*106,chr22:42126914:C>T,rs28371733
CYP2D6*107,chr22:42129132:C>T,rs61736512
CYP2D6*108,"chr22:42127565:T>C,chr22:42127556:T>C","rs61736517,rs202102799"
CYP2D6*109,"chr22:42128176_42128178del,chr22:42127608:C>T","rs5030656,rs59421388"
CYP2D6*11,"chr22:42129910:C>G,chr22:42129130:C>G,chr22:42127941:G>A,chr22:42126611:C>G","rs201377835,rs1058164,rs16947,rs1135840"
CYP2D6*110,chr22:42126735:C>T,rs751092905
CYP2D6*111,"chr22:42129759:C>T,chr22:42129130:C>G,chr22:42127941:G>A,chr22:42126611:C>G","rs535642512,rs1058164,rs16947,rs1135840"
CYP2D6*112,chr22:42126605:G>A,rs568495591
CYP2D6*113,chr22:42126752:C>T,rs569439709
CYP2D6*114,"chr22:42130692:G>A,chr22:42129033:C>T","rs1065852,rs5030865,rs16947,rs1135840"
CYP2D6*115,"chr22:42128176_42128178del,chr22:42127973:T>C","rs5030656,rs1135829"
CYP2D6*116,chr22:42127631:C>G,rs141009491
CYP2D6*117,"chr22:42129130:C>G,chr22:42127941:G>A,chr22:42127611:C>T,chr22:42126611:C>G","rs1058164,rs16947,rs78209835,rs1135840"
CYP2D6*119,chr22:42127803:C>T,rs28371725
CYP2D6*12,"chr22:42130668:C>T,chr22:42129130:C>G,chr22:42129075:C>T,chr22:42127941:G>A,chr22:42126611:C>G","rs5030862,rs1058164,rs28371710,rs16947,rs1135840"
CYP2D6*121,"chr22:42129130:C>G,chr22:42129042:T>C,chr22:42129037:G>T,chr22:42129036:A>C,chr22:42127941:G>A,chr22:42126611:C>G","rs1058164,rs1135824,rs1135825,rs1135826,rs16947,rs1135840"
CYP2D6*122,chr22:42127512:C>T,rs61745683
CYP2D6*123,"chr22:42129130:C>G,chr22:42127941:G>A,chr22:42127922:A>G,chr22:42127803:C>T,chr22:42126611:C>G","rs1058164,rs16947,rs1406719554,rs28371725,rs1135840"
CYP2D6*124,chr22:42126982_42126983del,rs757396767
CYP2D6*125,"chr22:42129130:C>G,chr22:42127941:G>A,chr22:42126719:C>T,chr22:42126611:C>G","rs1058164,rs16947,rs369177208,rs1135840"
CYP2D6*126,"chr22:42129134:G>A,chr22:42129130:C>G,chr22:42127941:G>A,chr22:42126611:C>G","rs781457579,rs1058164,rs16947,rs1135840"
CYP2D6*127,"chr22:42127556:T>C,chr22:42127526:C>T","rs202102799,rs1058172"
CYP2D6*128,"chr22:42129887:A>C,chr22:42129130:C>G,chr22:42127941:G>A,chr22:42126611:C>G","rs1456026511,rs1058164,rs16947,rs1135840"
CYP2D6*129,"chr22:42129155:C>T,chr22:42129130:C>G,chr22:42127941:G>A,chr22:42126611:C>G","rs1180015037,rs1058164,rs16947,rs1135840"
CYP2D6*131,chr22:42128325:A>G,rs17002853
CYP2D6*132,"chr22:42130692:G>A,chr22:42129130:C>G,chr22:42127973:T>C,chr22:42126611:C>G","rs1065852,rs1058164,rs1135829,rs1135840"
CYP2D6*133,"chr22:42129130:C>G,chr22:42127941:G>A,chr22:42127602:C>T,chr22:42126611:C>G","rs1058164,rs16947,rs1135840"
CYP2D6*134,chr22:42127589:C>T,rs76088846
CYP2D6*135,"chr22:42129130:C>G,chr22:42127941:G>A,chr22:42126926:G>A,chr22:42126611:C>G","rs1058164,rs16947,rs747089665,rs1135840"
CYP2D6*136,"chr22:42129130:C>G,chr22:42127941:G>A,chr22:42126877:G>A,chr22:42126611:C>G","rs1058164,rs16947,rs3021084,rs1135840"
CYP2D6*137,chr22:42126578:C>T,rs1440526469
CYP2D6*138,"chr22:42129130:C>G,chr22:42127941:G>A,chr22:42127803:C>T,chr22:42126647:C>T,chr22:42126611:C>G","rs1058164,rs16947,rs28371725,rs141756339,rs1135840"
CYP2D6*139,chr22:42127526:C>T,rs1058172
CYP2D6*14,"chr22:42129130:C>G,chr22:42129033:C>T","rs1058164,rs5030865,rs16947,rs1135840"
CYP2D6*140,chr22:42128329:G>A,rs373813287
CYP2D6*141,chr22:42129770:G>T,"rs28371706,rs1058164,rs16947,rs769157652,rs1135833,rs1135835,rs28371735,rs766507177,rs74478221,rs75467367,rs1135840"
CYP2D6*142,"chr22:42130710:G>A,chr22:42130692:G>A,chr22:42129130:C>G,chr22:42126611:C>G","rs138100349,rs1065852,rs1058164,rs1135840"
CYP2D6*143,"chr22:42130761:C>T,chr22:42129166:A>C","rs769258,rs766391487"
CYP2D6*144,chr22:42128351:C>T,rs377725912
CYP2D6*145,chr22:4212893442128942dup:_42128934_42128942:dup,rs72549356
CYP2D6*15,"chr22:42130715:C>T,chr22:42130655:dup","rs28371696,rs774671100"
CYP2D6*17,chr22:42129770:G>T,"rs28371706,rs1058164,rs16947,rs1135840"
CYP2D6*18,chr22:4212665842126666dup:_42126658_42126666:dup,rs765776661
CYP2D6*19,"chr22:42129130:C>G,chr22:42128251_42128254del,chr22:42127941:G>A,chr22:42126611:C>G","rs1058164,rs72549353,rs16947,rs1135840"
CYP2D6*2,"chr22:42129130:C>G,chr22:42127941:G>A,chr22:42126611:C>G","rs1058164,rs16947,rs1135840"
CYP2D6*20,"chr22:42129130:C>G,chr22:42128817:dup,chr22:42128812:A>G,chr22:42127941:G>A,chr22:42126611:C>G","rs1058164,rs72549354,rs199535154,rs16947,rs1135840"
CYP2D6*21,"chr22:42129130:C>G,chr22:42128218:dup,chr22:42127941:G>A,chr22:42126611:C>G","rs1058164,rs72549352,rs16947,rs1135840"
CYP2D6*22,chr22:42130710:G>A,rs138100349
CYP2D6*23,chr22:42129836:G>A,rs267608310
CYP2D6*24,chr22:42127938:T>G,rs949717872
CYP2D6*25,chr22:42127593:G>C,rs267608295
CYP2D6*27,chr22:42126938:C>T,rs769157652
CYP2D6*28,"chr22:42130773:C>T,chr22:42129130:C>G,chr22:42129087:G>C,chr22:42127941:G>A,chr22:42126611:C>G","rs72549358,rs1058164,rs78482768,rs16947,rs1135840"
CYP2D6*29,"chr22:42129132:C>T,chr22:42129130:C>G,chr22:42127941:G>A,chr22:42127608:C>T,chr22:42126611:C>G","rs61736512,rs1058164,rs16947,rs59421388,rs1135840"
CYP2D6*3,"chr22:42129042:T>C,chr22:42128242del","rs1135824,rs35742686"
CYP2D6*30,"chr22:42129130:C>G,chr22:4212893442128942dup:_42128934_42128942:dup","rs1058164,rs72549356,rs16947,rs1135840"
CYP2D6*31,"chr22:42129130:C>G,chr22:42127941:G>A,chr22:42126749:C>T,chr22:42126611:C>G","rs1058164,rs16947,rs267608319,rs1135840"
CYP2D6*32,"chr22:42129130:C>G,chr22:42127941:G>A,chr22:42127803:C>T,chr22:42126938:C>T,chr22:42126611:C>G","rs1058164,rs16947,rs28371725,rs769157652,rs1135840"
CYP2D6*33,chr22:42128308:C>A,rs28371717
CYP2D6*34,chr22:42127941:G>A,rs16947
CYP2D6*35,"chr22:42130761:C>T,chr22:42129130:C>G,chr22:42127941:G>A,chr22:42126611:C>G","rs769258,rs1058164,rs16947,rs1135840"
CYP2D6*36,"chr22:42130692:G>A,chr22:42129130:C>G,chr22:42126663:G>C,chr22:42126660:T>C,chr22:42126636:G>A,chr22:42126635:T>G,chr22:42126633:C>G,chr22:42126627:A>C,chr22:42126624:C>T,chr22:42126623:G>C,chr22:42126611:C>G","rs1065852,rs1058164,rs1135833,rs1135835,rs28371735,rs766507177,rs74478221,rs75467367,rs1135840"
CYP2D6*37,"chr22:42130692:G>A,chr22:42129130:C>G,chr22:42128848:C>T,chr22:42126611:C>G","rs1065852,rs1058164,rs745365204,rs1135840"
CYP2D6*38,chr22:421281991:TCAG,rs72549351
CYP2D6*39,"chr22:42129130:C>G,chr22:42126611:C>G","rs1058164,rs1135840"
CYP2D6*4,"chr22:42130692:G>A,chr22:42129819:G>T,chr22:42129809:T>C,chr22:42129130:C>G,chr22:42128945:C>T,chr22:42127941:G>A,chr22:42127526:C>T,chr22:42126663:G>C,chr22:42126660:T>C,chr22:42126636:G>A,chr22:42126635:T>G,chr22:42126633:C>G,chr22:42126627:A>C,chr22:42126624:C>T,chr22:42126623:G>C,chr22:42126611:C>G","rs1065852,rs28371703,rs28371704,rs1058164,rs3892097,rs16947,rs1058172,rs1135833,rs1135835,rs28371735,rs766507177,rs74478221,rs75467367,rs1135840"
CYP2D6*40,chr22:42129770:G>T,"rs28371706,rs1058164,rs72549356,rs16947,rs1135840"
CYP2D6*41,"chr22:42129130:C>G,chr22:42127941:G>A,chr22:42127803:C>T,chr22:42126611:C>G","rs1058164,rs16947,rs28371725,rs1135840"
CYP2D6*42,"chr22:42129130:C>G,chr22:42127941:G>A,chr22:4212753042127531insAC:_42127530_42127531:insAC,chr22:42126611:C>G","rs1058164,rs16947,rs72549346,rs1135840"
CYP2D6*43,chr22:42130715:C>T,rs28371696
CYP2D6*44,"chr22:42130710:G>A,chr22:42127841:C>G","rs138100349,rs72549349"
CYP2D6*45,"chr22:42129130:C>G,chr22:42129075:C>T,chr22:42127941:G>A,chr22:42126611:C>G","rs1058164,rs28371710,rs16947,rs1135840"
CYP2D6*46,"chr22:42130715:C>T,chr22:42129130:C>G,chr22:42129075:C>T,chr22:42127941:G>A,chr22:42126611:C>G","rs28371696,rs1058164,rs28371710,rs16947,rs1135840"
CYP2D6*47,"chr22:42130719:G>A,chr22:42130692:G>A,chr22:42129130:C>G,chr22:42126611:C>G","rs267608313,rs1065852,rs1058164,rs1135840"
CYP2D6*48,chr22:42129821:G>A,rs267608309
CYP2D6*49,"chr22:42130692:G>A,chr22:42129180:A>T,chr22:42129130:C>G,chr22:42126611:C>G","rs1065852,rs1135822,rs1058164,rs1135840"
CYP2D6*50,chr22:42129071:T>G,rs267608302
CYP2D6*51,"chr22:42129130:C>G,chr22:42127941:G>A,chr22:42127619:T>G,chr22:42126611:C>G","rs1058164,rs16947,rs72549348,rs1135840"
CYP2D6*52,"chr22:42130692:G>A,chr22:42129130:C>G,chr22:42126914:C>T,chr22:42126611:C>G","rs1065852,rs1058164,rs28371733,rs1135840"
CYP2D6*53,"chr22:42129180:A>T,chr22:42129174:C>A","rs1135822,rs1135823"
CYP2D6*54,"chr22:42130692:G>A,chr22:42129130:C>G,chr22:42128235:G>A,chr22:42126611:C>G","rs1065852,rs1058164,rs267608297,rs1135840"
CYP2D6*55,"chr22:42129130:C>G,chr22:42127941:G>A,chr22:42126956:T>G,chr22:42126611:C>G","rs1058164,rs16947,rs1931013246,rs1135840"
CYP2D6*56,"chr22:42130692:G>A,chr22:42129130:C>G,chr22:42127941:G>A,chr22:42127590:G>A,chr22:42126611:C>G","rs1065852,rs1058164,rs16947,rs72549347,rs1135840"
CYP2D6*57,"chr22:42130692:G>A,chr22:42129906:G>A,chr22:42129130:C>G,chr22:42126663:G>C,chr22:42126660:T>C,chr22:42126636:G>A,chr22:42126635:T>G,chr22:42126633:C>G,chr22:42126627:A>C,chr22:42126624:C>T,chr22:42126623:G>C,chr22:42126611:C>G","rs1065852,rs267608311,rs1058164,rs1135833,rs1135835,rs28371735,rs766507177,rs74478221,rs75467367,rs1135840"
CYP2D6*58,chr22:42129770:G>T,"rs28371706,rs1058164,rs72549356,rs16947,rs1135840"
CYP2D6*59,"chr22:42129130:C>G,chr22:42127941:G>A,chr22:42127852:C>T,chr22:42126611:C>G","rs1058164,rs16947,rs79292917,rs1135840"
CYP2D6*6,"chr22:42129084del,chr22:42126611:C>G","rs5030655,rs1135840"
CYP2D6*62,chr22:42126747:G>A,rs730882251
CYP2D6*64,"chr22:42130692:G>A,chr22:42129770:G>T","rs1065852,rs28371706,rs1058164,rs1135840"
CYP2D6*65,"chr22:42130692:G>A,chr22:42129130:C>G,chr22:42127941:G>A,chr22:42126611:C>G","rs1065852,rs1058164,rs16947,rs1135840"
CYP2D6*69,"chr22:42130692:G>A,chr22:42129130:C>G,chr22:42127941:G>A,chr22:42127803:C>T,chr22:42126611:C>G","rs1065852,rs1058164,rs16947,rs28371725,rs1135840"
CYP2D6*7,chr22:42127856:T>G,rs5030867
CYP2D6*70,"chr22:42129183:C>T,chr22:42129132:C>T,chr22:42129130:C>G,chr22:42127608:C>T,chr22:42126611:C>G","rs374616348,rs61736512,rs1058164,rs59421388,rs1135840"
CYP2D6*71,chr22:42130667:C>T,rs118203758
CYP2D6*72,"chr22:42130692:G>A,chr22:42129130:C>G,chr22:42127473:C>T,chr22:42126611:C>G","rs1065852,rs1058164,rs75386357,rs1135840"
CYP2D6*73,"chr22:42129780:C>T,chr22:42129130:C>G,chr22:42127941:G>A,chr22:42126611:C>G","rs267608308,rs1058164,rs16947,rs1135840"
CYP2D6*74,chr22:42129819:G>T,rs28371703
CYP2D6*75,chr22:42126746:C>T,rs532668079
CYP2D6*8,"chr22:42129130:C>G,chr22:42129033:C>T","rs1058164,rs5030865,rs16947,rs1135840"
CYP2D6*81,"chr22:42128212:G>A,chr22:42128185:C>T,chr22:42128181:A>T","rs367543000,rs77913725,rs1135828"
CYP2D6*82,"chr22:42129819:G>T,chr22:42129809:T>C,chr22:42129779:A>G,chr22:42129771:T>A,chr22:42129770:G>T","rs28371703,rs28371704,rs76187628,rs74802369,rs28371706,rs78459009"
CYP2D6*83,"chr22:42126663:G>C,chr22:42126660:T>C,chr22:42126636:G>A,chr22:42126635:T>G,chr22:42126633:C>G,chr22:42126627:A>C,chr22:42126624:C>T,chr22:42126623:G>C,chr22:42126611:C>G","rs1135833,rs1135835,rs28371735,rs766507177,rs74478221,rs75467367,rs1135840"
CYP2D6*84,"chr22:42129130:C>G,chr22:42128217:G>T,chr22:42127941:G>A,chr22:42126611:C>G","rs1058164,rs148769737,rs16947,rs1135840"
CYP2D6*85,"chr22:42129130:C>G,chr22:42127941:G>A,chr22:42126634:A>C,chr22:42126611:C>G","rs1058164,rs16947,rs1135840"
CYP2D6*86,"chr22:42128185:C>T,chr22:42128181:A>T","rs77913725,rs1135828"
CYP2D6*87,"chr22:42130778:G>A,chr22:42130692:G>A,chr22:42129130:C>G,chr22:42126611:C>G","rs773790593,rs1065852,rs1058164,rs1135840"
CYP2D6*88,"chr22:42129779:A>G,chr22:42129130:C>G,chr22:42126611:C>G","rs76187628,rs1058164,rs1135840"
CYP2D6*89,chr22:42129113:A>G,rs375135093
CYP2D6*9,chr22:42128176_42128178del,rs5030656
CYP2D6*90,chr22:42129098:T>C,rs569229126
CYP2D6*91,"chr22:42129056:C>G,chr22:42127941:G>A,chr22:42127803:C>T","rs16947,rs28371725"
CYP2D6*94,"chr22:42130692:G>A,chr22:42129130:C>G,chr22:42127610:T>C,chr22:42126611:C>G","rs1065852,rs1058164,rs748712690,rs1135840"
CYP2D6*95,"chr22:42130692:G>A,chr22:42129130:C>G,chr22:42127457:C>T,chr22:42126611:C>G","rs1065852,rs1058164,rs77312092,rs1135840"
CYP2D6*96,chr22:42126896:G>A,rs763964554
CYP2D6*98,"chr22:42129130:C>G,chr22:42127941:G>A,chr22:42126681:G>C,chr22:42126611:C>G","rs1058164,rs16947,rs1135840"
CYP2D6*99,"chr22:42130692:G>A,chr22:42129827:C>G,chr22:42129130:C>G,chr22:42126611:C>G","rs1065852,rs267608276,rs1058164,rs1135840"
CYP3A5*2,chr7:99652613:G>T,rs28365083
CYP3A5*3,"chr7:99672916:T>C,chr7:99666950:A>G,chr7:99665237:T>C,chr7:99660516:C>T,chr7:99652613:G>T","rs776746,rs55965422,rs56411402,rs28383479,rs28365083"
CYP3A5*4,chr7:99665237:T>C,rs56411402
CYP3A5*5,chr7:99666950:A>G,rs55965422
CYP3A5*6,chr7:99665212:C>T,rs10264272
CYP3A5*7,chr7:99652771:dup,rs41303343
CYP3A5*8,chr7:99676198:G>A,rs55817950
CYP3A5*9,chr7:99660516:C>T,rs28383479
CYP4F2*2,chr19:15897578:A>C,rs3093105
CYP4F2*3,chr19:15879621:C>T,rs2108622
DPYD c.1024G>A,chr1:97593322:C>T,rs183385770
DPYD c.1057C>T,chr1:97593289:G>A,rs143154602
DPYD c.1108A>G,chr1:97593238:T>C,rs72549305
"DPYD c.1129-5923C>G, c.1236G>A (HapB3)","chr1:97579893:G>C,chr1:97573863:C>T","rs75017182,rs56038477"
DPYD c.1180C>T,chr1:97573919:G>A,rs140602333
DPYD c.1181G>T,chr1:97573918:C>A,rs143815742
DPYD c.1218G>A,chr1:97573881:C>T,rs61622928
DPYD c.1260T>A,chr1:97573839:A>T,rs200064537
DPYD c.1278G>T,chr1:97573821:C>A,rs764666241
DPYD c.1294G>A,chr1:97573805:C>T,rs142512579
DPYD c.1314T>G,chr1:97573785:A>C,rs186169810
DPYD c.1349C>T,chr1:97549735:G>A,rs72975710
DPYD c.1358C>G,chr1:97549726:G>C,rs144395748
DPYD c.1371C>T,chr1:97549713:G>A,rs57918000
DPYD c.1403C>A,chr1:97549681:G>T,rs199549923
DPYD c.1475C>T,chr1:97549609:G>A,rs72549304
DPYD c.1484A>G,chr1:97549600:T>C,rs111858276
DPYD c.1519G>A,chr1:97549565:C>T,rs138391898
DPYD c.1543G>A,chr1:97515923:C>T,rs148994843
DPYD c.1577C>G,chr1:97515889:G>C,rs190951787
DPYD c.1615G>A,chr1:97515851:C>T,rs142619737
DPYD c.1682G>T,chr1:97515784:C>A,rs201615754
DPYD c.1774C>T,chr1:97450190:G>A,rs59086055
DPYD c.1775G>A,chr1:97450189:C>T,rs138616379
DPYD c.1777G>A,chr1:97450187:C>T,rs145773863
DPYD c.1796T>C,chr1:97450168:A>G,rs147601618
DPYD c.1896T>C,chr1:97450068:A>G,rs17376848
DPYD c.1905C>G,chr1:97450059:G>C,rs3918289
DPYD c.1906A>C,chr1:97382461:T>G,rs55971861
DPYD c.1990G>T,chr1:97373629:C>A,rs138545885
DPYD c.2021G>A,chr1:97373598:C>T,rs137999090
DPYD c.2161G>A,chr1:97306195:C>T,rs145548112
DPYD c.2186C>T,chr1:97305372:G>A,rs146529561
DPYD c.2195T>G,chr1:97305363:A>C,rs60511679
DPYD c.2279C>T,chr1:97305279:G>A,rs112766203
DPYD c.2303C>A,chr1:97234991:G>T,rs56005131
DPYD c.2336C>A,chr1:97234958:G>T,rs199634007
DPYD c.2482G>A,chr1:97193209:C>T,rs200687447
DPYD c.2582A>G,chr1:97193109:T>C,rs60139309
DPYD c.2623A>C,chr1:97098632:T>G,rs201035051
DPYD c.2639G>T,chr1:97098616:C>A,rs55674432
DPYD c.2656C>T,chr1:97098599:G>A,rs147545709
DPYD c.2846A>T,chr1:97082391:T>A,rs67376798
DPYD c.2872A>G,chr1:97082365:T>C,rs141044036
DPYD c.2915A>G,chr1:97079139:T>C,rs145529148
DPYD c.2921A>T,chr1:97079133:T>A,rs72547602
DPYD c.2933A>G,chr1:97079121:T>C,rs72547601
DPYD c.2977C>T,chr1:97079077:G>A,rs202144771
DPYD c.2978T>G,chr1:97079076:A>C,rs139459586
DPYD c.3049G>A,chr1:97079005:C>T,rs140114515
DPYD c.3061G>C,chr1:97078993:C>G,rs148799944
DPYD c.3067C>A,chr1:97078987:G>T,rs114096998
DPYD c.313G>A,chr1:97740400:C>T,rs150385342
DPYD c.343A>G,chr1:97721650:T>C,rs141462178
DPYD c.451A>G,chr1:97721542:T>C,rs200562975
DPYD c.46C>G,chr1:97883368:G>C,rs150036960
DPYD c.496A>G,chr1:97699535:T>C,rs2297595
DPYD c.498G>A,chr1:97699533:C>T,rs139834141
DPYD c.525G>A,chr1:97699506:C>T,rs6670886
DPYD c.557A>G,chr1:97699474:T>C,rs115232898
DPYD c.601A>C,chr1:97699430:T>G,rs72549308
DPYD c.61C>T,chr1:97883353:G>A,rs72549310
DPYD c.62G>A,chr1:97883352:C>T,rs80081766
DPYD c.632A>G,chr1:97699399:T>C,rs72549307
DPYD c.775A>G,chr1:97679170:T>C,rs45589337
DPYD c.868A>G,chr1:97595149:T>C,rs146356975
DPYD c.929T>C,chr1:97595088:A>G,rs150437414
DPYD c.934C>T,chr1:97595083:G>A,rs145112791
DPYD c.967G>A,chr1:97593379:C>T,rs201018345
G6PD 202G>A_376A>G_1264C>G,"chrX:154536002:C>T,chrX:154535277:T>C,chrX:154532590:G>C","rs1050828,rs1050829"
G6PD A,chrX:154535277:T>C,rs1050829
G6PD A- 202A_376G,"chrX:154536002:C>T,chrX:154535277:T>C","rs1050828,rs1050829"
G6PD A- 680T_376G,"chrX:154535277:T>C,chrX:154534125:C>T/A","rs1050829,rs137852328"
G6PD A- 968C_376G,"chrX:154535277:T>C,chrX:154533025:A>G","rs1050829,rs76723693"
G6PD Aachen,chrX:154532765:G>C/T,rs137852329
G6PD Acrokorinthos,"chrX:154535277:T>C,chrX:154535190:G>C",rs1050829
G6PD Alhambra,chrX:154532674:C>G,rs137852335
G6PD Ananindeua,"chrX:154535277:T>C,chrX:154533122:C>T","rs1050829,rs137852327"
G6PD Andalus,chrX:154532389:C>T,rs137852324
G6PD Asahi,chrX:154536002:C>T,rs1050828
G6PD Aures,chrX:154536156:A>G,rs76645461
G6PD Aveiro,chrX:154533634:C>T,rs137852346
G6PD Bajo Maumere,chrX:154533596:C>A/G,rs137852318
G6PD Bangkok Noi,"chrX:154532269:C>A/G,chrX:154532046:A>C",rs72554665
"G6PD Beverly Hills, Genova, Iwate, Niigata, Yamaguchi",chrX:154532694:C>T,rs137852321
G6PD Cairo,chrX:154535249:T>G,rs782322505
"G6PD Canton, Taiwan-Hakka, Gifu-like, Agrigento-like",chrX:154532269:C>A/G,rs72554665
G6PD Chatham,chrX:154532990:C>T,rs5030869
G6PD Chinese-5,chrX:154532969:G>A,rs137852342
G6PD Cincinnati,"chrX:154534345:C>A,chrX:154532956:T>A","rs137852326,rs398123544"
G6PD Coimbra Shunde,chrX:154534390:G>A,rs137852330
G6PD Cosenza,chrX:154532269:C>A/G,rs72554665
G6PD Crispim,"chrX:154535278:C>A,chrX:154535274:C>A,chrX:154535270:A>C/G,chrX:154535269:G>A",rs78365220
G6PD Dagua,chrX:154534387:T>C,rs781865768
G6PD Gaohe,chrX:154546061:T>C,rs137852340
G6PD Gond,chrX:154535176:C>G,rs370918918
G6PD Guadalajara,chrX:154532695:G>A,rs137852334
G6PD Harilaou,chrX:154534157:A>C,rs137852319
G6PD Hechi,"chrX:154536002:C>T,chrX:154533122:C>T","rs1050828,rs137852327"
G6PD Hermoupolis,"chrX:154532403:C>G,chrX:154532390:G>A",rs398123546
G6PD Honiara,"chrX:154546057:T>C,chrX:154532390:G>A",rs398123546
G6PD Ierapetra,chrX:154532797:G>A,rs137852333
G6PD Ilesha,chrX:154535187:C>T,rs137852313
"G6PD Iowa, Walter Reed, Springfield",chrX:154532698:T>C,rs137852320
"G6PD Japan, Shinagawa",chrX:154532625:C>T/G,rs137852336
"G6PD Kaiping, Anant, Dhon, Sapporo-like, Wosera",chrX:154532257:C>T,rs72554664
"G6PD Kalyan-Kerala, Jamnaga, Rohini",chrX:154533044:C>T,rs137852339
G6PD Kawasaki,chrX:154532625:C>T/G,rs137852336
G6PD Lagosanto,chrX:154535962:C>T,rs782308266
G6PD Loma Linda,chrX:154532765:G>C/T,rs137852329
G6PD Mahidol,chrX:154534495:C>T,rs137852314
G6PD Malaga,chrX:154534440:T>A,rs5030872
G6PD Mediterranean Haplotype,"chrX:154534419:G>A,chrX:154532439:G>A","rs5030868,rs2230037"
"G6PD Mediterranean, Dallas, Panamaâ€š Sassari, Cagliari, Birmingham",chrX:154534419:G>A,rs5030868
G6PD Metaponto,chrX:154536032:C>T,rs137852315
G6PD Mexico City,chrX:154534125:C>T/A,rs137852328
"G6PD Minnesota, Marion, Gastonia, LeJeune",chrX:154534345:C>A,rs137852326
G6PD Mira d'Aire,chrX:154532945:C>G,rs34193178
G6PD Montalbano,chrX:154533586:C>T,rs74575103
G6PD Montpellier,chrX:154532722:C>T,rs371489738
G6PD Mt Sinai,"chrX:154535277:T>C,chrX:154532695:G>A","rs1050829,rs137852334"
G6PD Murcia Oristano,chrX:154535995:T>C,rs782090947
G6PD Namouru,chrX:154535996:A>G,rs137852349
G6PD Nankang,chrX:154534465:A>G,rs137852343
G6PD Nanning,chrX:154534102:G>A,rs782757170
"G6PD Nashville, Anaheim, Portici",chrX:154532676:C>T,rs137852316
G6PD Neapolis,chrX:154532245:G>C,rs137852344
G6PD Nilgiri,chrX:154534389:C>T/G,rs137852332
G6PD Orissa,chrX:154536168:G>C,rs78478128
G6PD Pawnee,chrX:154532434:C>G,rs137852337
G6PD Puerto Limon,chrX:154532662:C>T,rs137852325
G6PD Rehevot,chrX:154533029:A>G,rs137852347
G6PD Riverside,chrX:154532626:C>A,rs137852323
G6PD Salerno Pyrgos,chrX:154535270:A>C/G,rs78365220
G6PD Santa Maria,"chrX:154535277:T>C,chrX:154534440:T>A","rs1050829,rs5030872"
G6PD Santiago,chrX:154534389:C>T/G,rs137852332
"G6PD Santiago de Cuba, Morioka",chrX:154532411:C>T,rs137852317
G6PD Sao Borja,chrX:154535316:C>T,rs5030870
"G6PD Seattle, Lodi, Modena, Ferrara II, Athens-like",chrX:154533596:C>A/G,rs137852318
G6PD Serres,chrX:154532772:G>A,rs137852345
G6PD Shenzen,chrX:154535180:C>T,rs782487723
G6PD Sibari,chrX:154534348:T>C,rs782754619
G6PD Sierra Leone,"chrX:154535342:C>T,chrX:154535277:T>C","rs181277621,rs1050829"
G6PD Split,chrX:154532203:G>C,rs137852348
G6PD Sunderland,chrX:154546051_154546053delGAT,rs137852338
G6PD Surabaya,chrX:154532459:C>T,rs782098548
G6PD Taipeiâ€š Chinese-3,chrX:154534489:T>C,rs137852331
G6PD Tomah,chrX:154532701:A>G,rs137852322
G6PD Ube Konan,chrX:154535963:G>A,rs138687036
"G6PD Union,Maewo, Chinese-2, Kalo",chrX:154532390:G>A,rs398123546
G6PD Vancouver,"chrX:154535336:G>C,chrX:154534438:G>A,chrX:154534390:G>A","rs267606835,rs267606836,rs137852330"
G6PD Vanua Lava,chrX:154535270:A>C/G,rs78365220
"G6PD Viangchan, Jammu",chrX:154533122:C>T,rs137852327
G6PD Yunan,chrX:154532264:C>T,rs782608284
IFNL3 rs12979860 variant (T),chr16:39248147:C>T,rs12979860
MT-RNR1 1095T>C,,rs267606618
MT-RNR1 1189T>C,,rs28358571
MT-RNR1 1243T>C,,rs28358572
MT-RNR1 1494C>T,,rs267606619
MT-RNR1 1555A>G,,rs267606617
MT-RNR1 663A>G,,rs56489998
MT-RNR1 827A>G,,rs28358569
MT-RNR1 951G>A,,rs200887992
MT-RNR1 961T>G,,rs3888511
MT-RNR1 961T>del,,rs1556422499
MT-RNR1 961T>del+Cn,,rs1556422499
NUDT15*10,chr6:48037748:T>C,rs769369441
NUDT15*11,chr6:48037885:G>A,rs1950545307
NUDT15*12,chr6:48037902:C>G,rs149436418
NUDT15*13,chr6:48041104:dup,rs761191455
NUDT15*14,chr6:4803782648037827insCGGG:_48037826_48037827:insCGGG,rs777311140
NUDT15*15,chr6:48045771:T>A,rs139551410
NUDT15*16,chr6:48037834:C>T,rs1202487323
NUDT15*17,chr6:48041113:G>T,rs1368252918
NUDT15*18,chr6:48040982del,rs1457579126
NUDT15*2,chr6:480377842:GAGTCG,"rs746071566,rs116855232"
NUDT15*20,chr6:48045690:C>G,rs768324690
NUDT15*3,chr6:48045719:C>T,rs116855232
NUDT15*4,chr6:48045720:G>A,rs147390019
NUDT15*5,chr6:48037798:G>A,rs186364861
NUDT15*6,chr6:480377842:GAGTCG,rs746071566
NUDT15*7,chr6:48037847:G>C,rs766023281
NUDT15*9,chr6:480377842:GAGTCG,rs746071566
RYR1 c.1021G>A,chr19:38448712:G>A,rs121918592
RYR1 c.1021G>C,chr19:38448712:G>A,rs121918592
RYR1 c.103T>C,chr19:38440802:T>C,rs193922747
RYR1 c.11969G>T,chr19:38543832:G>T,rs193922843
RYR1 c.1201C>T,chr19:38451842:C>T,rs193922764
RYR1 c.1209C>G,chr19:38451850:C>G,rs118192116
RYR1 c.130C>T,chr19:38440829:C>T,rs193922748
RYR1 c.14387A>G,chr19:38580004:A>G,rs118192167
RYR1 c.14477C>T,chr19:38580094:C>T,rs121918595
RYR1 c.14497C>T,chr19:38580114:C>T,rs193922876
RYR1 c.14512C>G,chr19:38580370:C>G,rs193922878
RYR1 c.14545G>A,chr19:38580403:G>A,rs118192168
RYR1 c.14582G>A,chr19:38580440:G>A,rs63749869
RYR1 c.14693T>C,chr19:38584989:T>C,rs118192170
RYR1 c.1565A>C,chr19:38455359:A>C,rs118192162
RYR1 c.1589G>A,chr19:38455463:G>A,rs111888148
RYR1 c.1597C>T,chr19:38455471:C>T,rs193922768
RYR1 c.1598G>A,chr19:38455472:G>A,rs144336148
RYR1 c.1654C>T,chr19:38455528:C>T,rs193922770
RYR1 c.1840C>T,chr19:38457545:C>T,rs118192172
RYR1 c.1841G>T,chr19:38457546:G>T,rs193922772
RYR1 c.487C>T,chr19:38444211:C>T,rs118192161
RYR1 c.488G>T,chr19:38444212:G>T,rs193922753
RYR1 c.6487C>T,chr19:38494564:C>T,rs118192175
RYR1 c.6488G>A,chr19:38494565:G>A,rs118192163
RYR1 c.6502G>A,chr19:38494579:G>A,rs118192176
RYR1 c.6617C>G,chr19:38496283:C>G,rs118192177
RYR1 c.6617C>T,chr19:38496283:C>G,rs118192177
RYR1 c.7007G>A,chr19:38499223:G>A,rs112563513
RYR1 c.7039_7041delGAG or c.7042_7044delGAG,chr19:38499646_38499648delGAG or 38499649_38499651delGAG,rs121918596
RYR1 c.7048G>A,chr19:38499655:G>A,rs193922802
RYR1 c.7063C>T,chr19:38499670:C>T,rs193922803
RYR1 c.7124G>C,chr19:38499731:G>C,rs193922807
RYR1 c.7282G>A,chr19:38499975:G>A,rs193922809
RYR1 c.7300G>A,chr19:38499993:G>A,rs121918593
RYR1 c.7304G>A,chr19:38499997:G>A,rs28933396
RYR1 c.7354C>T,chr19:38500636:C>T,rs118192124
RYR1 c.7360C>T,chr19:38500642:C>T,rs193922816
RYR1 c.7361G>A,chr19:38500643:G>A,rs118192122
RYR1 c.7372C>T,chr19:38500654:C>T,rs28933397
RYR1 c.7373G>A,chr19:38500655:G>A,rs121918594
RYR1 c.742G>A,chr19:38446710:G>C,rs1801086
RYR1 c.742G>C,chr19:38446710:G>C,rs1801086
RYR1 c.7522C>G,chr19:38500898:C>T,rs118192178
RYR1 c.7522C>T,chr19:38500898:C>T,rs118192178
RYR1 c.7523G>A,chr19:38500899:G>A,rs193922818
RYR1 c.9310G>A,chr19:38512321:G>A,rs193922832
RYR1 c.982C>T,chr19:38448673:C>T,rs193922762
SLCO1B1*10,chr12:21239077:A>G,rs56199088
SLCO1B1*11,chr12:21239113:A>G,rs55737008
SLCO1B1*12,"chr12:21172782:T>C,chr12:21239077:A>G","rs56101265,rs56199088"
SLCO1B1*13,"chr12:21174595:T>C,chr12:21176883:A>G,chr12:21239113:A>G","rs56061388,rs72559745,rs55737008"
SLCO1B1*14,"chr12:21176804:A>G,chr12:21176879:C>A","rs2306283,rs11045819"
SLCO1B1*15,"chr12:21176804:A>G,chr12:21178615:T>C","rs2306283,rs4149056"
SLCO1B1*16,chr12:21176868:A>G,rs2306282
SLCO1B1*17,"chr12:21130388:G>A,chr12:21176804:A>G,chr12:21178615:T>C","rs4149015,rs2306283,rs4149056"
SLCO1B1*18,"chr12:21176804:A>G,chr12:21176827:G>A,chr12:21176879:C>A,chr12:21178665:T>C,chr12:21178672:T>G","rs2306283,rs11045818,rs11045819,rs4149057,rs72559746"
SLCO1B1*19,"chr12:21178665:T>C,chr12:21239042:A>C","rs4149057,rs34671512"
SLCO1B1*1B,chr12:21176804:A>G,rs2306283
SLCO1B1*2,chr12:21172782:T>C,rs56101265
SLCO1B1*20,"chr12:21176804:A>G,chr12:21178691:C>T,chr12:21239042:A>C","rs2306283,rs2291075,rs34671512"
SLCO1B1*21,"chr12:21130388:G>A,chr12:21176804:A>G,chr12:21178691:C>T","rs4149015,rs2306283,rs2291075"
SLCO1B1*22,chr12:21239042:A>C,rs34671512
SLCO1B1*23,chr12:21172776:G>A,rs373327528
SLCO1B1*24,"chr12:21176804:A>G,chr12:21196951:A>G","rs2306283,rs11045852"
SLCO1B1*25,"chr12:21176804:A>G,chr12:21176879:C>A,chr12:21196951:A>G,chr12:21196976:G>A","rs2306283,rs11045819,rs11045852,rs11045853"
SLCO1B1*26,chr12:21202664:G>A,rs142965323
SLCO1B1*27,"chr12:21176804:A>G,chr12:21202555:C>G","rs2306283,rs59113707"
SLCO1B1*28,"chr12:21176804:A>G,chr12:21196951:A>G,chr12:21196976:G>A","rs2306283,rs11045852,rs11045853"
SLCO1B1*29,"chr12:21176804:A>G,chr12:21239158:C>T","rs2306283,rs140790673"
SLCO1B1*3,"chr12:21174595:T>C,chr12:21176883:A>G","rs56061388,rs72559745"
SLCO1B1*30,"chr12:21176804:A>G,chr12:21178957:A>G","rs2306283,rs79135870"
SLCO1B1*31,"chr12:21176804:A>G,chr12:21205999:G>C","rs2306283,rs59502379"
SLCO1B1*32,"chr12:21176804:A>G,chr12:21176879:C>A,chr12:21196951:A>G","rs2306283,rs11045819,rs11045852"
SLCO1B1*33,"chr12:21172734:C>T,chr12:21176804:A>G,chr12:21196951:A>G,chr12:21196976:G>A","rs139257324,rs2306283,rs11045852,rs11045853"
SLCO1B1*34,chr12:21239145:C>T,rs200995543
SLCO1B1*35,"chr12:21176804:A>G,chr12:21239042:A>C","rs2306283,rs34671512"
SLCO1B1*4,chr12:21176879:C>A,rs11045819
SLCO1B1*5,chr12:21178615:T>C,rs4149056
SLCO1B1*6,chr12:21200595:T>C,rs55901008
SLCO1B1*7,chr12:21202649:A>G,rs56387224
SLCO1B1*8,chr12:21205921:A>G,rs72559748
SLCO1B1*9,chr12:21205999:G>C,rs59502379
TPMT*10,chr6:18139027:C>G,rs72552737
TPMT*11,chr6:18139689:C>T,rs72552738
TPMT*12,chr6:18139710:G>A,rs200220210
TPMT*13,chr6:18149045:T>A,rs72552742
TPMT*14,chr6:18149127:T>C,rs9333569
TPMT*15,chr6:18133890:C>T,rs9333570
TPMT*16,chr6:18138969:C>T,rs144041067
TPMT*18,chr6:18147845:C>T,rs777686348
TPMT*2,chr6:18143724:C>G,rs1800462
TPMT*20,chr6:18130694:T>C,rs150900439
TPMT*21,chr6:18147851:G>C,rs200591577
TPMT*22,chr6:18138969:C>T,rs144041067
TPMT*23,chr6:18133884:G>C,rs74423290
TPMT*24,chr6:18133847:C>A,rs6921269
TPMT*25,chr6:18130772:A>G,rs377085266
TPMT*26,chr6:18132136:A>G,rs72556347
TPMT*29,chr6:18149126:A>G,rs267607275
TPMT*30,chr6:18149022:C>T,rs750424422
TPMT*31,chr6:18132147:A>G,rs79901429
TPMT*32,chr6:18143622:C>T,rs115106679
TPMT*33,chr6:18138970:G>A,rs112339338
TPMT*34,chr6:18143718:G>A,rs111901354
TPMT*37,chr6:18130758:A>T,rs398122996
TPMT*38,chr6:18133870:A>G,rs772832951
TPMT*39,chr6:18147838:G>A,rs281874771
TPMT*3A,"chr6:18138997:C>T,chr6:18130687:T>C","rs1800460,rs1142345"
TPMT*3B,chr6:18138997:C>T,rs1800460
TPMT*3C,chr6:18130687:T>C,rs1142345
TPMT*4,chr6:18130781:C>T,rs1800584
TPMT*40,chr6:18130729:C>T,rs139392616
TPMT*41,chr6:18130687:T>C,rs1142345
TPMT*42,chr6:1814903218149033insT:_18149032_18149033:insT,rs759836180
TPMT*43,"chr6:18143728:C>A,chr6:18143700:C>T","rs1256618794,rs753545734"
TPMT*44,chr6:18133887:T>C,rs201695576
TPMT*5,chr6:18147910:A>G,rs72552740
TPMT*6,chr6:18133845:T>A,rs75543815
TPMT*7,chr6:18130725:A>C,rs72552736
TPMT*8,chr6:18130762:C>T,rs56161402
TPMT*9,chr6:18143606:T>G,rs151149760
UGT1A1*27,chr2:233760973:C>A,rs35350960
UGT1A1*28,chr2:2337602356:TA,rs3064744
UGT1A1*36,chr2:2337602356:TA,rs3064744
UGT1A1*37,chr2:2337602356:TA,rs3064744
UGT1A1*6,chr2:233760498:G>A,rs4148323
UGT1A1*80,chr2:233759924:C>T,rs887829
